provider,email,username
github,reinaldo@mclaughlin.co,oscar81
github,randabotsford@roob.org,smudge76
google,bryonthiel@spencer.io,oliver53
google,josef@ziemebernhard.name,sam42
github,williamstorphy@bayer.biz,poppy69
google,benedict@turner.biz,angel26
github,nathaniel@beahan.co,coco61
github,wilson@cummings.info,alfie4
github,nereidamurazik@bergstrom.name,misty77
github,clarkstehr@considine.name,bella50
github,gayleshields@wisozkleffler.com,daisy38
github,robbie@feeney.co,angel97
github,kellie@braun.io,simba36
github,ardell@sporerrohan.biz,angel2
google,melanydicki@ebert.com,milo51
google,berniecebednar@bogan.co,poppy47
google,trevor@vandervort.io,lily58
github,america@frami.biz,misty85
github,rayfordborer@fritsch.net,chloe94
github,brindako@lang.net,bella13
google,tondastroman@brown.io,alfie10
google,kirkgorczany@veumsanford.io,lily94
github,angeleslegros@rutherford.biz,missy98
github,shavonda@klein.net,jasper69
google,vance@okon.co,smudge31
google,vada@weberprice.co,lucy45
github,albert@mclaughlinprice.biz,misty36
google,kristine@keeling.io,lucy21
google,mirthahowe@borerkoelpin.io,millie63
github,bobbiemayer@bergstrom.io,bella65
github,winnifred@jaskolski.net,sam2
google,brainmraz@auer.name,bella50
google,cherriebalistreri@haucklegros.co,misty76
github,alirowe@murphyschoen.info,jasper10
github,henry@brownwillms.biz,smudge18
github,brianaherman@durgan.biz,sam77
google,iolabartoletti@leuschke.name,missy6
google,rhonda@simonis.com,simba91
github,effie@botsfordprohaska.name,felix39
google,elizjohnson@thompsonledner.info,smokey39
github,cherriepacocha@haneschiller.biz,poppy58
github,marlana@kingbode.io,smudge48
google,ailene@reynolds.org,poppy52
github,margarette@white.name,lily41
github,mitzie@towne.name,lily20
github,pearlielebsack@handpagac.io,millie15
google,pedro@hirthe.com,daisy71
github,roxanne@bogan.name,milo35
github,evahintz@rosenbaumgibson.name,alfie28
github,jone@kerluke.io,missy47
google,jonathancormier@waelchi.info,sooty20
github,hung@sauer.co,tiger34
google,sibylhuels@howe.org,max83
github,garrettward@homenick.io,daisy82
github,lazaro@windler.info,felix28
google,allegralarkin@hand.biz,tiger74
google,katheryn@bartellwalter.co,alfie2
github,benedict@kreigerpagac.io,poppy61
github,odellbarton@heel.org,tiger2
github,cyrus@gislasonveum.com,poppy25
google,douglas@feestswaniawski.biz,lily33
github,astrid@douglas.net,bella48
google,roderick@kozeyhickle.org,chloe11
google,martamoriette@kuhlman.name,simba70
google,lorelei@corkerybins.com,lucky58
github,christopher@koch.co,max52
github,ravenwest@heathcote.co,lucy76
google,juliushegmann@breitenberg.com,lily44
google,zelma@schowalter.org,milo98
google,diegoconsidine@heaney.net,misty42
google,brendonwehner@beahan.com,tiger23
google,elisha@rohanbeer.com,oliver2
google,kory@gulgowski.io,tiger59
google,dusty@hayes.name,millie47
github,gaston@stiedemannheel.net,poppy43
github,celenagleason@berge.org,daisy61
github,esteban@heelsmith.co,angel32
github,danette@schinner.net,coco24
github,carroll@rempelwest.com,oscar3
google,malindazemlak@hillskiehn.net,smokey22
google,grahammcclure@anderson.com,chloe62
google,anastacia@orn.name,smokey16
github,kitpfeffer@schroederprohaska.name,lucy59
google,bobbieterry@hermanmayert.biz,sooty13
github,adolphschiller@langosh.biz,chloe44
google,tosha@hamill.biz,bella86
google,arlen@monahan.com,chloe93
google,agripinacorwin@mayert.org,oscar45
github,zoilahintz@thiel.co,sooty32
google,scottyschinner@smithamkoepp.info,smokey100
github,perry@koelpinsporer.info,lucky68
github,stacyhand@rodriguez.io,lucky10
google,tresa@waelchi.org,lily50
github,franceshowe@borer.name,lily29
google,bethmann@heller.info,milo74
google,omega@kuhn.io,tiger36
github,farahvolkman@nitzschefay.biz,daisy13
github,edna@howellblick.org,smokey39
google,herman@kozey.io,angel7
github,osvaldoanderson@bahringer.net,chloe81
